{"initial_reset_timestamp": 1599575322.015108, "timestamps": [1599575323.1506617], "episode_lengths": [107], "episode_rewards": [107.0], "episode_types": ["t"]}